{
    "zone": "1km",
    "demand": "pop",
    "solution": [
        0,
        1,
        0,
        0,
        0,
        1,
        1,
        0,
        0,
        0,
        0,
        0,
        0,
        1,
        1,
        0,
        0,
        0,
        0,
        0,
        0,
        0,
        1,
        1,
        1,
        1,
        0,
        0,
        0,
        0,
        0,
        0,
        0,
        1,
        0,
        0,
        0,
        0,
        0,
        0,
        0,
        0,
        0,
        0,
        0
    ],
    "profit": 399763.5849776132,
    "demand_satisfaction": 64.03286214655704,
    "parameters": {
        "population_size": 100,
        "mutation_rate": 0.2,
        "crossover_rate": 0.8,
        "elite_size": 10,
        "max_generations": 100,
        "max_distance": 1,
        "station_capacity_kWh": 264,
        "station_capacity_pop": 1998.8727194086139,
        "max_total_stations": 10,
        "max_stations_per_location": 5
    }
}