{
    "zone": "1km",
    "demand": "kWh",
    "solution": [
        0,
        1,
        0,
        0,
        0,
        1,
        2,
        0,
        0,
        0,
        1,
        1,
        1,
        1,
        1,
        0,
        0,
        0,
        0,
        0,
        1,
        1,
        1,
        1,
        1,
        1,
        0,
        1,
        0,
        0,
        0,
        0,
        0,
        0,
        0,
        0,
        0,
        0,
        0,
        0,
        0,
        0,
        0,
        0,
        0
    ],
    "profit": 1045.041095890411,
    "demand_satisfaction": 89.72076863682923,
    "parameters": {
        "population_size": 100,
        "mutation_rate": 0.2,
        "crossover_rate": 0.8,
        "elite_size": 10,
        "max_generations": 100,
        "max_distance": 1,
        "station_capacity_kWh": 264,
        "station_capacity_pop": 1998.8727194086139,
        "max_total_stations": 20,
        "max_stations_per_location": 5
    }
}