Year,NB_THERMIQUE,NB_RECHARGEABLE,NB_EL
2024,14566.639999999998,301.58500000000004,399.27299999999997
